-- Create Tables
-- Surya Guthikonda

DROP TABLE IF EXISTS Stock;
CREATE TABLE Stock (
    StockCode VARCHAR(15) PRIMARY KEY NOT NULL UNIQUE,
    Description VARCHAR(40) NOT NULL,
    UnitPrice NUMERIC(5, 2) NOT NULL
);

DROP TABLE IF EXISTS Invoice;
CREATE TABLE Invoice (
    InvoiceNo VARCHAR(10) PRIMARY KEY NOT NULL,
    StockCode VARCHAR(15) NOT NULL,
    InvoiceDate TIMESTAMP NOT NULL,
    Quantity INT NOT NULL,
	CONSTRAINT fk_stock FOREIGN KEY (StockCode) REFERENCES Stock(StockCode)
);

DROP TABLE IF EXISTS Customers;
CREATE TABLE Customers (
    CustomerID INT PRIMARY KEY NOT NULL UNIQUE,
    InvoiceNo VARCHAR(10) NOT NULL UNIQUE,
    Country VARCHAR(25),
    CONSTRAINT fk_invoice FOREIGN KEY (InvoiceNo) REFERENCES Invoice(InvoiceNo)
);

-- Insert Values into Tables
-- Harsh Shah 

-- Invoice Table
INSERT INTO Invoice (InvoiceNo, StockCode, InvoiceDate, Quantity) VALUES
('543359', '22794', '2011-02-07 14:16:00', 1),
('564336', '21731', '2011-08-24 14:28:00', 3),
('568589', '22357', '2011-09-28 10:27:00', 4),
('551014', '22992', '2011-04-26 11:04:00', 12),
('555858', 'C2', '2011-06-07 14:12:00', 1),
('548551', '22722', '2011-04-01 08:56:00', 4),
('573666', '21807', '2011-10-31 16:24:00', 25),
('577303', '22556', '2011-11-18 13:02:00', 6),
('566518', '22667', '2011-09-13 11:24:00', 1),
('538015', '21745', '2010-12-09 12:49:00', 3),
('569037', '21014', '2011-09-30 10:45:00', 5),
('575655', '23553', '2011-11-10 14:28:00', 1),
('555524', '23169', '2011-06-05 11:37:00', 1),
('550630', '84576', '2011-04-19 14:49:00', 12),
('558199', '22501', '2011-06-27 12:58:00', 2),
('543463', '22364', '2011-02-08 14:06:00', 1),
('559125', '23255', '2011-07-06 12:32:00', 4),
('573164', '21754', '2011-10-28 09:06:00', 3),
('550008', '22456', '2011-04-14 10:17:00', 3),
('564170', '22099', '2011-08-23 13:59:00', 36),
('578233', '23402', '2011-11-23 12:20:00', 1),
('573153', '22417', '2011-10-28 07:39:00', 72),
('559691', '23209', '2011-07-11 15:52:00', 10),
('540954', '20752', '2011-01-12 13:19:00', 1),
('551471', '22487', '2011-04-28 16:40:00', 2),
('546520', '22260', '2011-03-14 12:28:00', 12),
('536856', '22865', '2010-12-03 10:26:00', 12),
('559133', '23242', '2011-07-06 13:13:00', 22),
('547577', '21166', '2011-03-24 10:37:00', 48),
('555551', '79030D', '2011-06-05 13:32:00', 24),
('570118', '23046', '2011-10-07 12:44:00', 6),
('571410', '23112', '2011-10-17 12:32:00', 4),
('547647', '21086', '2011-03-24 11:43:00', 12),
('569228', '85032C', '2011-10-02 14:47:00', 12),
('549251', '21878', '2011-04-07 12:16:00', 2),
('559121', '85015', '2011-07-06 12:18:00', 24),
('540188', '21518', '2011-01-05 13:57:00', 12),
('554040', '21080', '2011-05-20 14:35:00', 24),
('556960', '22423', '2011-06-16 09:28:00', 4),
('551658', '22661', '2011-05-03 12:13:00', 20),
('573572', '23355', '2011-10-31 14:03:00', 2),
('557742', '84978', '2011-06-22 11:46:00', 36),
('575390', '23220', '2011-11-09 15:31:00', 12),
('577545', '20754', '2011-11-20 14:43:00', 3),
('569493', '48187', '2011-10-04 13:35:00', 2),
('554376', '20974', '2011-05-24 11:31:00', 5),
('573510', '22199', '2011-10-31 12:21:00', 1),
('569668', '22865', '2011-10-05 13:47:00', 12),
('571291', '23114', '2011-10-16 15:44:00', 1),
('548616', '22621', '2011-04-01 11:48:00', 24),
('549690', '22326', '2011-04-11 13:41:00', 1),
('554835', '21530', '2011-05-26 16:11:00', 18),
('557891', '23031', '2011-06-23 14:05:00', 6),
('579194', '84077', '2011-11-28 15:50:00', 48),
('567656', '22469', '2011-09-21 14:40:00', 2),
('560232', '23321', '2011-07-17 11:08:00', 4),
('539353', '21430', '2010-12-17 11:30:00', 4),
('547037', '22659', '2011-03-20 10:37:00', 64),
('573142', '23196', '2011-10-27 17:48:00', 36),
('578293', '23245', '2011-11-23 14:36:00', 4),
('559011', '23173', '2011-07-05 12:50:00', 2),
('558761', '22469', '2011-07-03 12:52:00', 2),
('567183', '22400', '2011-09-18 15:32:00', 12),
('544460', '22147', '2011-02-20 14:01:00', 3),
('538905', '22834', '2010-12-15 10:31:00', 24),
('548404', '21877', '2011-03-31 09:38:00', 12),
('564056', '23231', '2011-08-22 14:13:00', 25),
('550408', '20723', '2011-04-18 11:59:00', 10),
('578506', '23469', '2011-11-24 13:01:00', 3),
('540992', '21063', '2011-01-12 16:57:00', 3),
('553067', '21868', '2011-05-13 11:44:00', 6),
('552835', '21213', '2011-05-11 14:17:00', 24),
('538799', '22721', '2010-12-14 11:48:00', 1),
('555630', '84536A', '2011-06-06 12:04:00', 16),
('578522', '22972', '2011-11-24 14:09:00', 2),
('563935', '71459', '2011-08-21 16:24:00', 12),
('570418', '23099', '2011-10-10 13:31:00', 2),
('561774', '84879', '2011-07-29 12:41:00', 8),
('560711', '20702', '2011-07-20 12:58:00', 1),
('540511', '22269', '2011-01-09 11:34:00', 3),
('551283', '21564', '2011-04-27 14:01:00', 4),
('580133', '23569', '2011-12-01 18:43:00', 3),
('564335', '22918', '2011-08-24 14:23:00', 2),
('562276', '21930', '2011-08-04 10:23:00', 10),
('537852', '22925', '2010-12-08 15:56:00', 5),
('550633', '21136', '2011-04-19 14:57:00', 4),
('567878', '22091', '2011-09-22 14:42:00', 3),
('562688', '84947', '2011-08-08 13:53:00', 6),
('575089', '23103', '2011-11-08 14:02:00', 24),
('568696', '23405', '2011-09-28 14:56:00', 4),
('571629', '84978', '2011-10-18 11:18:00', 12),
('566816', '20685', '2011-09-15 10:53:00', 10),
('569224', '23321', '2011-10-02 14:00:00', 3),
('566040', '22326', '2011-09-08 13:38:00', 6),
('576606', '23169', '2011-11-15 15:33:00', 12),
('556495', '21922', '2011-06-12 15:14:00', 1),
('539477', '20992', '2010-12-19 14:58:00', 12),
('572721', '21484', '2011-10-25 15:07:00', 4),
('567099', '22681', '2011-09-16 13:31:00', 2),
('564544', '21098', '2011-08-25 15:50:00', 12),
('571681', '23543', '2011-10-18 13:44:00', 2),
('563328', '21581', '2011-08-15 13:07:00', 1),
('555408', '22752', '2011-06-03 08:54:00', 2),
('557621', '21682', '2011-06-21 14:00:00', 4),
('579281', 'POST', '2011-11-29 10:36:00', 1),
('538145', '84915', '2010-12-09 16:08:00', 2),
('549569', '20886', '2011-04-10 15:15:00', 2),
('557948', '22969', '2011-06-23 16:35:00', 12),
('565766', '22981', '2011-09-06 14:23:00', 2),
('549316', '23050', '2011-04-08 09:54:00', 6),
('581098', '22072', '2011-12-07 11:42:00', 12),
('574701', '23397', '2011-11-06 13:54:00', 1),
('562708', '22371', '2011-08-08 14:15:00', 2),
('538903', '84970S', '2010-12-15 10:17:00', 12),
('548796', '84596B', '2011-04-04 12:42:00', 8),
('569236', '85032A', '2011-10-02 15:49:00', 2),
('578036', '23338', '2011-11-22 14:04:00', 1),
('548198', '22993', '2011-03-29 16:05:00', 3),
('550327', '85114A', '2011-04-17 13:07:00', 6),
('539988', '22938', '2010-12-23 16:06:00', 2),
('570482', '22867', '2011-10-10 17:00:00', 1),
('567637', '23423', '2011-09-21 13:57:00', 6),
('574063', '22123', '2011-11-02 14:31:00', 1),
('566580', '22838', '2011-09-13 13:46:00', 2),
('548716', '22139', '2011-04-03 15:50:00', 3),
('564972', '23320', '2011-08-31 15:30:00', 12),
('545070', '84988', '2011-02-27 15:42:00', 24),
('542713', '22059', '2011-01-31 13:27:00', 12),
('569246', '22951', '2011-10-03 09:57:00', 1),
('565854', '22922', '2011-09-07 13:22:00', 12),
('569234', '22807', '2011-10-02 15:33:00', 1),
('561028', '84879', '2011-07-24 11:06:00', 8),
('580160', '22661', '2011-12-02 10:47:00', 10),
('540122', '84817', '2011-01-05 10:39:00', 120),
('547842', '35241', '2011-03-27 11:14:00', 3),
('573175', '22633', '2011-10-28 10:27:00', 12),
('566420', '23301', '2011-09-12 13:50:00', 2),
('554770', '20725', '2011-05-26 11:40:00', 10),
('568480', '23250', '2011-09-27 11:52:00', 12),
('551028', '22505', '2011-04-26 11:30:00', 4),
('553149', '23167', '2011-05-13 14:16:00', 12),
('557972', '85099B', '2011-06-24 10:16:00', 10),
('538991', '22310', '2010-12-15 11:53:00', 50),
('538014', '72741', '2010-12-09 12:49:00', 18),
('574249', '23424', '2011-11-03 13:01:00', 2),
('581074', '23005', '2011-12-07 11:27:00', 24),
('560504', '22993', '2011-07-19 11:47:00', 12),
('564079', '22743', '2011-08-22 15:55:00', 6),
('574882', '15056P', '2011-11-07 13:45:00', 1),
('560922', '22991', '2011-07-21 19:34:00', 12),
('569566', '22737', '2011-10-05 09:55:00', 20),
('576075', '21240', '2011-11-13 16:16:00', 3),
('563362', '22534', '2011-08-15 16:13:00', 24),
('553730', '21916', '2011-05-19 07:49:00', 24),
('553385', '23174', '2011-05-16 15:53:00', 1),
('571064', '23356', '2011-10-13 14:48:00', 1),
('543923', '22931', '2011-02-14 14:14:00', 6),
('571099', '21982', '2011-10-13 15:43:00', 48),
('543555', '22796', '2011-02-10 10:18:00', 4),
('561205', '22624', '2011-07-25 15:48:00', 2),
('581451', '21258', '2011-12-08 17:57:00', 1),
('565648', '21172', '2011-09-05 16:22:00', 1),
('568400', '22470', '2011-09-27 10:27:00', 6),
('C579894', '23012', '2011-12-01 08:26:00', -1),
('567066', '22679', '2011-09-16 12:17:00', 10),
('568186', '22513', '2011-09-25 14:08:00', 2),
('562721', '22920', '2011-08-08 16:31:00', 24),
('542517', '22088', '2011-01-28 12:11:00', 40),
('569843', '21745', '2011-10-06 13:29:00', 1),
('574700', '23511', '2011-11-06 13:53:00', 2),
('567308', '21213', '2011-09-19 13:35:00', 120),
('570272', '22596', '2011-10-10 10:45:00', 12),
('554151', '20726', '2011-05-23 11:07:00', 10),
('553942', '22147', '2011-05-20 10:37:00', 12),
('572675', '22744', '2011-10-25 13:20:00', 2),
('559032', '22711', '2011-07-05 14:53:00', 25),
('539593', '84347', '2010-12-20 13:31:00', 12),
('552947', '22925', '2011-05-12 11:57:00', 2),
('C581390', '21733', '2011-12-08 13:13:00', -3),
('550350', '47566', '2011-04-18 10:04:00', 8),
('C552556', '84945', '2011-05-10 11:21:00', -24),
('554365', '23146', '2011-05-24 10:22:00', 6),
('544790', '21240', '2011-02-23 12:27:00', 8),
('577317', '20727', '2011-11-18 13:33:00', 2),
('559139', '21500', '2011-07-06 13:41:00', 50),
('538449', '21733', '2010-12-12 12:24:00', 4),
('540953', '21124', '2011-01-12 13:16:00', 1),
('554991', '23204', '2011-05-29 14:03:00', 1),
('568062', '21212', '2011-09-23 13:18:00', 24),
('537332', '84971S', '2010-12-06 11:58:00', 24),
('580727', '21370', '2011-12-05 17:17:00', 1),
('540121', '20704', '2011-01-05 10:35:00', 24),
('548178', '47566', '2011-03-29 14:35:00', 12),
('548340', '22029', '2011-03-30 14:23:00', 12),
('540753', '21428', '2011-01-11 10:31:00', 4),
('560914', '47566', '2011-07-21 18:08:00', 4),
('542611', '82581', '2011-01-30 14:13:00', 25),
('547834', '22622', '2011-03-27 10:16:00', 24),
('562101', '20723', '2011-08-02 14:04:00', 10),
('544610', '21621', '2011-02-22 10:09:00', 2),
('553202', '21915', '2011-05-15 16:02:00', 16),
('580672', '22210', '2011-12-05 14:29:00', 2),
('577495', '22493', '2011-11-20 12:20:00', 1),
('567043', '22219', '2011-09-16 11:27:00', 8),
('571732', '23330', '2011-10-19 09:58:00', 12),
('577504', '22533', '2011-11-20 12:36:00', 2),
('554283', '22411', '2011-05-23 14:11:00', 10),
('554702', '40001', '2011-05-26 09:45:00', 12),
('547623', '21400', '2011-03-24 11:29:00', 24),
('578255', '22614', '2011-11-23 12:58:00', 2),
('577016', '22507', '2011-11-17 12:21:00', 4),
('543251', '21843', '2011-02-04 14:51:00', 2),
('554993', '84380', '2011-05-29 14:13:00', 3),
('540114', '21484', '2011-01-05 09:44:00', 4),
('550015', '23126', '2011-04-14 10:54:00', 4),
('566285', '21901', '2011-09-11 14:51:00', 6),
('580460', '22429', '2011-12-04 12:29:00', 1),
('558315', '22697', '2011-06-28 11:44:00', 18),
('574075', '16169E', '2011-11-02 15:33:00', 25),
('569718', '23343', '2011-10-06 09:01:00', 10),
('575007', '22614', '2011-11-08 11:20:00', 24),
('560878', '22431', '2011-07-21 15:16:00', 2),
('547035', '22780', '2011-03-20 10:33:00', 4),
('C570867', '22050', '2011-10-12 16:17:00', -25),
('569220', '23412', '2011-10-02 13:26:00', 2),
('556723', '22171', '2011-06-14 11:25:00', 108),
('555644', '84974', '2011-06-06 13:24:00', 4),
('548987', '22776', '2011-04-05 12:50:00', 2),
('580096', '22726', '2011-12-01 14:55:00', 8),
('537135', '20878', '2010-12-05 12:35:00', 8),
('551821', '84970L', '2011-05-04 12:20:00', 12),
('571255', '23055', '2011-10-14 17:13:00', 48),
('579142', '84580', '2011-11-28 13:06:00', 2),
('538844', '84997A', '2010-12-14 13:19:00', 7),
('543250', '22522', '2011-02-04 14:46:00', 12),
('557782', '23118', '2011-06-22 15:41:00', 2),
('567373', '22662', '2011-09-20 09:31:00', 10),
('561465', '22877', '2011-07-27 12:45:00', 1),
('559370', '23280', '2011-07-08 10:01:00', 12),
('553657', '37489A', '2011-05-18 11:28:00', 2),
('577297', '23129', '2011-11-18 12:48:00', 2),
('571189', '20668', '2011-10-14 11:42:00', 24),
('577520', '21894', '2011-11-20 13:20:00', 1),
('573340', '22339', '2011-10-30 11:55:00', 20),
('560723', '22749', '2011-07-20 13:53:00', 1),
('552710', '22384', '2011-05-11 07:35:00', 20),
('C565962', '22899', '2011-09-08 11:25:00', -1),
('548323', '84313C', '2011-03-30 13:00:00', 6),
('573347', '23350', '2011-10-30 12:26:00', 3),
('572218', '85049E', '2011-10-21 13:13:00', 12),
('548715', '23233', '2011-04-03 15:22:00', 25),
('555549', '23152', '2011-06-05 13:24:00', 6),
('550492', '21539', '2011-04-18 14:44:00', 3),
('561502', '23029', '2011-07-27 14:14:00', 6),
('575135', '82483', '2011-11-08 14:49:00', 2),
('559529', '23007', '2011-07-10 12:03:00', 1),
('555195', '23084', '2011-06-01 11:27:00', 6),
('539920', '21533', '2010-12-23 11:06:00', 4),
('580025', '22158', '2011-12-01 11:53:00', 2),
('572848', '22588', '2011-10-26 12:19:00', 6),
('546686', '84879', '2011-03-16 09:52:00', 8),
('551271', '22776', '2011-04-27 12:39:00', 2),
('545701', '22383', '2011-03-06 15:17:00', 10),
('553159', '22673', '2011-05-13 15:25:00', 12),
('569570', '21844', '2011-10-05 10:06:00', 252),
('542619', '21385', '2011-01-30 15:54:00', 24),
('570887', '85049E', '2011-10-13 10:25:00', 12),
('569859', '22481', '2011-10-06 14:36:00', 4),
('575368', '22809', '2011-11-09 15:07:00', 1),
('560555', '21588', '2011-07-19 13:01:00', 1),
('571926', '21828', '2011-10-19 16:41:00', 12),
('563239', '22382', '2011-08-15 10:02:00', 1),
('565261', '22613', '2011-09-02 10:53:00', 24),
('551420', '21936', '2011-04-28 14:00:00', 10),
('548388', '21721', '2011-03-30 16:52:00', 5),
('558754', '22623', '2011-07-03 12:10:00', 2),
('557397', '21194', '2011-06-20 11:23:00', 7),
('571035', '21243', '2011-10-13 12:50:00', 8),
('548701', '47566', '2011-04-03 11:36:00', 1),
('572283', '22119', '2011-10-23 11:42:00', 2),
('559672', '23307', '2011-07-11 14:04:00', 1),
('561885', '21990', '2011-07-31 13:13:00', 2),
('536412', '22243', '2010-12-01 11:49:00', 1),
('577476', '22745', '2011-11-20 11:31:00', 12),
('560366', '85231G', '2011-07-18 12:19:00', 12),
('576592', '22722', '2011-11-15 14:47:00', 3),
('546982', '22977', '2011-03-18 12:26:00', 1),
('576604', '23189', '2011-11-15 15:23:00', 1),
('550469', '21471', '2011-04-18 13:46:00', 1),
('565152', '23082', '2011-09-01 14:42:00', 1),
('539760', '84077', '2010-12-21 17:16:00', 48),
('569488', '23328', '2011-10-04 13:10:00', 2),
('541479', '22333', '2011-01-18 11:54:00', 48),
('544152', '18007', '2011-02-16 12:10:00', 2400),
('574676', '23266', '2011-11-06 12:32:00', 2),
('551868', '21213', '2011-05-04 16:29:00', 24),
('546252', '22740', '2011-03-10 14:42:00', 48),
('540464', '22752', '2011-01-07 13:17:00', 6),
('552121', '22150', '2011-05-06 11:40:00', 6),
('571065', '22555', '2011-10-13 14:59:00', 12),
('578519', '20978', '2011-11-24 13:56:00', 3),
('541206', '22960', '2011-01-14 12:24:00', 48),
('557765', '21625', '2011-06-22 14:23:00', 2),
('563094', '21390', '2011-08-11 17:35:00', 6),
('563074', '22493', '2011-08-11 15:58:00', 360),
('572348', '23057', '2011-10-24 11:21:00', 48),
('564061', '22809', '2011-08-22 14:38:00', 6),
('578508', '47594A', '2011-11-24 13:06:00', 1),
('576909', '23445', '2011-11-17 09:49:00', 20),
('567145', '84978', '2011-09-16 15:09:00', 24),
('541816', '22743', '2011-01-21 15:56:00', 3),
('553686', '21912', '2011-05-18 13:58:00', 4),
('546778', '47566B', '2011-03-16 16:38:00', 2),
('550362', '22090', '2011-04-18 11:13:00', 3),
('562042', '22158', '2011-08-02 10:19:00', 16),
('564860', '23026', '2011-08-31 10:06:00', 6),
('542627', '22718', '2011-01-31 09:51:00', 12),
('562607', '23170', '2011-08-08 11:45:00', 12),
('548952', '21430', '2011-04-05 10:46:00', 1),
('563076', '22355', '2011-08-11 16:12:00', 100),
('580188', '22905', '2011-12-02 12:02:00', 6),
('554035', '23087', '2011-05-20 14:07:00', 8),
('574071', 'POST', '2011-11-02 14:57:00', 1),
('575952', '48184', '2011-11-13 11:55:00', 1),
('543474', '22301', '2011-02-08 15:09:00', 6),
('543191', '21989', '2011-02-04 11:54:00', 1),
('565434', '85049E', '2011-09-04 13:35:00', 5),
('580884', '23120', '2011-12-06 12:21:00', 1),
('537692', '21165', '2010-12-08 10:40:00', 24),
('557878', '22662', '2011-06-23 13:13:00', 2),
('572133', '22367', '2011-10-21 10:11:00', 8),
('562924', '85111', '2011-08-10 14:49:00', 12),
('567675', '23239', '2011-09-21 15:54:00', 6),
('550968', '22855', '2011-04-21 16:59:00', 24),
('553931', '22539', '2011-05-20 10:27:00', 24),
('543300', '85049D', '2011-02-07 11:42:00', 3),
('553527', '21917', '2011-05-17 14:57:00', 24),
('565994', '22090', '2011-09-08 11:46:00', 2),
('576326', '22452', '2011-11-14 15:18:00', 1),
('544903', '82582', '2011-02-24 13:43:00', 12),
('560536', '21326', '2011-07-19 12:15:00', 24),
('556103', '23052', '2011-06-08 16:18:00', 1),
('579545', '20914', '2011-11-30 10:18:00', 32),
('542000', '20718', '2011-01-25 10:49:00', 10),
('547665', '22854', '2011-03-24 13:17:00', 4),
('568154', '22338', '2011-09-25 12:06:00', 11),
('560807', '22952', '2011-07-21 10:44:00', 24),
('567462', '20974', '2011-09-20 12:35:00', 1),
('561236', '84595E', '2011-07-26 10:27:00', 12),
('556579', '22987', '2011-06-13 14:16:00', 25),
('566575', '23301', '2011-09-13 13:15:00', 240),
('568795', '22185', '2011-09-29 10:19:00', 1),
('552315', '22417', '2011-05-08 16:10:00', 24),
('563580', '23203', '2011-08-17 15:53:00', 3),
('572552', '23221', '2011-10-24 17:07:00', 2),
('550622', '22714', '2011-04-19 13:49:00', 12),
('577331', '23130', '2011-11-18 14:23:00', 1),
('570682', '20728', '2011-10-11 15:53:00', 10),
('579124', '22197', '2011-11-28 12:14:00', 4),
('537051', '22725', '2010-12-05 11:12:00', 2),
('549833', '20794', '2011-04-12 13:19:00', 8),
('542241', '82600', '2011-01-26 14:51:00', 2),
('575660', '22362', '2011-11-10 14:38:00', 6),
('557250', '23029', '2011-06-17 15:59:00', 3),
('C562097', '22197', '2011-08-02 13:19:00', -1),
('561633', '23170', '2011-07-28 14:33:00', 384),
('560233', '84596F', '2011-07-17 11:10:00', 8),
('580735', '22556', '2011-12-06 08:52:00', 12),
('542216', '84247G', '2011-01-26 12:29:00', 12),
('538523', '22149', '2010-12-13 09:29:00', 6),
('567475', '85123A', '2011-09-20 13:11:00', 1),
('567346', '22865', '2011-09-19 15:53:00', 96),
('557792', '48138', '2011-06-22 16:44:00', 2),
('565405', '22627', '2011-09-04 10:51:00', 2),
('537044', '21258', '2010-12-05 10:52:00', 2),
('581237', '23508', '2011-12-08 10:40:00', 1),
('557278', '22772', '2011-06-19 12:08:00', 12),
('563100', '22720', '2011-08-12 09:57:00', 3),
('581266', '22074', '2011-12-08 11:25:00', 24),
('563543', '21563', '2011-08-17 12:06:00', 8),
('574722', '22766', '2011-11-06 14:45:00', 2),
('543054', '22083', '2011-02-03 10:39:00', 12),
('573778', '22699', '2011-11-01 10:56:00', 24),
('576014', '85231B', '2011-11-13 14:29:00', 3),
('558062', '84970L', '2011-06-24 15:17:00', 72),
('541268', '84879', '2011-01-17 10:52:00', 8),
('537392', '20728', '2010-12-06 13:58:00', 5),
('550193', '22203', '2011-04-15 09:27:00', 4),
('539308', '21731', '2010-12-16 17:48:00', 24),
('545635', '22645', '2011-03-04 12:14:00', 12),
('560872', '23197', '2011-07-21 14:41:00', 12),
('538852', '85231B', '2010-12-14 13:33:00', 4),
('574481', '22439', '2011-11-04 12:45:00', 1),
('538313', '21644', '2010-12-10 13:50:00', 1),
('575730', '21786', '2011-11-10 19:53:00', 2),
('544556', '84077', '2011-02-21 12:29:00', 48),
('562053', '84929', '2011-08-02 12:11:00', 72),
('580523', '47420', '2011-12-04 15:00:00', 1),
('537036', '82551', '2010-12-03 17:28:00', 1),
('564745', '23167', '2011-08-28 15:27:00', 4),
('578056', '23234', '2011-11-22 15:04:00', 6),
('581475', '22581', '2011-12-09 08:39:00', 48),
('538419', '21983', '2010-12-12 12:01:00', 2),
('562844', '22423', '2011-08-10 08:41:00', 5),
('538255', '22413', '2010-12-10 12:33:00', 6),
('552185', '20675', '2011-05-06 13:52:00', 16),
('C569743', '23201', '2011-10-06 10:57:00', -110),
('543734', '22916', '2011-02-11 12:22:00', 12),
('564843', '84931A', '2011-08-30 14:09:00', 1),
('558094', '48111', '2011-06-26 13:04:00', 3),
('547689', '22667', '2011-03-24 14:55:00', 1),
('559557', '23207', '2011-07-11 10:33:00', 10),
('540672', '22746', '2011-01-10 15:51:00', 6),
('577519', '23344', '2011-11-20 13:20:00', 1),
('573430', '23569', '2011-10-31 10:38:00', 4),
('C551521', '22198', '2011-05-01 11:58:00', -2),
('570961', '23163', '2011-10-13 11:37:00', 96),
('569728', '23088', '2011-10-06 09:38:00', 16),
('575932', '23356', '2011-11-13 10:35:00', 3),
('569462', '23298', '2011-10-04 11:36:00', 1),
('568137', '22384', '2011-09-25 10:34:00', 10),
('538626', '22086', '2010-12-13 12:57:00', 4),
('574655', '22384', '2011-11-06 11:35:00', 1),
('540826', '22896', '2011-01-11 14:00:00', 6),
('552828', '15036', '2011-05-11 13:23:00', 12),
('550289', '72741', '2011-04-15 14:32:00', 9),
('560359', '21975', '2011-07-18 11:47:00', 2),
('561043', '22096', '2011-07-24 12:20:00', 2),
('568165', '23152', '2011-09-25 12:42:00', 6),
('575880', '22333', '2011-11-11 13:35:00', 8),
('546739', '20750', '2011-03-16 12:12:00', 12),
('555701', '21467', '2011-06-06 14:34:00', 1),
('580137', '23241', '2011-12-01 19:54:00', 3),
('576689', '20733', '2011-11-16 12:18:00', 1),
('539722', '21257', '2010-12-21 13:45:00', 2),
('574345', '22273', '2011-11-04 10:18:00', 6),
('539580', '21380', '2010-12-20 12:51:00', 6),
('560884', '23206', '2011-07-21 16:12:00', 100),
('577794', '85049A', '2011-11-21 16:48:00', 2),
('573035', '22467', '2011-10-27 13:43:00', 6),
('565244', '22720', '2011-09-02 10:21:00', 3),
('550359', '21975', '2011-04-18 10:41:00', 1),
('574725', '84029E', '2011-11-06 14:50:00', 1),
('558056', '22082', '2011-06-24 14:54:00', 10),
('572867', '21329', '2011-10-26 13:19:00', 2),
('574683', '21915', '2011-11-06 12:50:00', 1),
('557019', '21894', '2011-06-16 12:45:00', 1),
('557063', '20755', '2011-06-16 15:01:00', 6),
('C550475', '82583', '2011-04-18 13:59:00', -2),
('579273', '21498', '2011-11-29 10:00:00', 25),
('541530', '21755', '2011-01-19 10:56:00', 3),
('573576', '21912', '2011-10-31 14:09:00', 2),
('565967', '22467', '2011-09-08 11:27:00', 36),
('562217', '22453', '2011-08-03 14:06:00', 6),
('579832', '21174', '2011-11-30 15:58:00', 12),
('551527', '22854', '2011-05-01 12:41:00', 6),
('575943', '23158', '2011-11-13 11:44:00', 1),
('556494', '22633', '2011-06-12 14:57:00', 1),
('573300', '22951', '2011-10-28 16:10:00', 1),
('570097', '20969', '2011-10-07 12:05:00', 144),
('567816', '22633', '2011-09-22 12:34:00', 8),
('545060', '84358', '2011-02-27 13:47:00', 2),
('571743', '21207', '2011-10-19 10:38:00', 4),
('577157', '23477', '2011-11-18 09:58:00', 12),
('547093', '16161U', '2011-03-21 08:20:00', 25),
('556330', '22457', '2011-06-10 11:29:00', 2),
('540512', '47574A', '2011-01-09 11:39:00', 1),
('561894', '21411', '2011-07-31 15:00:00', 1),
('542215', '22447', '2011-01-26 12:27:00', 6),
('571936', '23294', '2011-10-20 09:04:00', 16),
('543593', '47599A', '2011-02-10 12:13:00', 24),
('545543', '22982', '2011-03-03 14:43:00', 12),
('544074', '21445', '2011-02-15 14:49:00', 4),
('571883', '21817', '2011-10-19 13:58:00', 2),
('574044', '21137', '2011-11-02 13:14:00', 240),
('550343', '22499', '2011-04-17 15:56:00', 3),
('547413', '84946', '2011-03-23 09:43:00', 12),
('556671', '79321', '2011-06-13 16:33:00', 1),
('557221', '22776', '2011-06-17 13:01:00', 1),
('575842', '22577', '2011-11-11 12:01:00', 15),
('566039', '21217', '2011-09-08 13:38:00', 1),
('572719', '23582', '2011-10-25 15:03:00', 10),
('538378', '21905', '2010-12-12 11:26:00', 2),
('561698', '23096', '2011-07-29 10:21:00', 12);

-- Customers Table
INSERT INTO Customers (CustomerID, InvoiceNo, Country) VALUES
(16332, '543359', 'United Kingdom'),
(12748, '564336', 'United Kingdom'),
(17405, '568589', 'United Kingdom'),
(13209, '551014', 'United Kingdom'),
(14911, '555858', 'EIRE'),
(14886, '548551', 'United Kingdom'),
(15977, '573666', 'United Kingdom'),
(14390, '577303', 'United Kingdom'),
(17779, '566518', 'United Kingdom'),
(13240, '538015', 'United Kingdom'),
(13263, '569037', 'United Kingdom'),
(16434, '575655', 'United Kingdom'),
(16923, '555524', 'United Kingdom'),
(14298, '550630', 'United Kingdom'),
(17110, '558199', 'United Kingdom'),
(15311, '543463', 'United Kingdom'),
(13985, '559125', 'United Kingdom'),
(13993, '573164', 'United Kingdom'),
(15570, '550008', 'United Kingdom'),
(17696, '564170', 'United Kingdom'),
(14049, '578233', 'United Kingdom'),
(12678, '573153', 'France'),
(13089, '559691', 'United Kingdom'),
(14606, '540954', 'United Kingdom'),
(16370, '551471', 'United Kingdom'),
(13370, '536856', 'United Kingdom'),
(17861, '559133', 'United Kingdom'),
(13183, '547577', 'United Kingdom'),
(14696, '555551', 'United Kingdom'),
(13276, '570118', 'United Kingdom'),
(17527, '571410', 'United Kingdom'),
(15144, '547647', 'United Kingdom'),
(15547, '569228', 'United Kingdom'),
(14449, '549251', 'United Kingdom'),
(13599, '559121', 'United Kingdom'),
(16771, '540188', 'United Kingdom'),
(15290, '554040', 'United Kingdom'),
(14844, '556960', 'United Kingdom'),
(16746, '551658', 'United Kingdom'),
(14527, '573572', 'United Kingdom'),
(12971, '575390', 'United Kingdom'),
(16931, '577545', 'United Kingdom'),
(13317, '569493', 'United Kingdom'),
(15719, '554376', 'United Kingdom'),
(14808, '573510', 'United Kingdom'),
(16040, '569668', 'United Kingdom'),
(13610, '571291', 'United Kingdom'),
(18263, '548616', 'United Kingdom'),
(17841, '549690', 'United Kingdom'),
(15241, '554835', 'United Kingdom'),
(17652, '557891', 'United Kingdom'),
(15804, '579194', 'United Kingdom'),
(14096, '567656', 'United Kingdom'),
(14810, '560232', 'United Kingdom'),
(12782, '539353', 'Portugal'),
(14101, '547037', 'United Kingdom'),
(18035, '573142', 'United Kingdom'),
(15640, '578293', 'United Kingdom'),
(17049, '559011', 'United Kingdom'),
(15033, '558761', 'United Kingdom'),
(14769, '567183', 'United Kingdom'),
(13611, '538905', 'United Kingdom'),
(16398, '548404', 'United Kingdom'),
(14387, '564056', 'United Kingdom'),
(17458, '578506', 'United Kingdom'),
(17364, '540992', 'United Kingdom'),
(16871, '553067', 'United Kingdom'),
(17664, '552835', 'United Kingdom'),
(15039, '538799', 'United Kingdom'),
(14732, '555630', 'United Kingdom'),
(17254, '578522', 'United Kingdom'),
(15211, '570418', 'United Kingdom'),
(16729, '561774', 'United Kingdom'),
(14472, '540511', 'United Kingdom'),
(16755, '551283', 'United Kingdom'),
(15531, '580133', 'United Kingdom'),
(15800, '564335', 'United Kingdom'),
(17735, '562276', 'United Kingdom'),
(17340, '537852', 'United Kingdom'),
(17449, '550633', 'United Kingdom'),
(16910, '567878', 'United Kingdom'),
(13869, '562688', 'United Kingdom'),
(13437, '575089', 'United Kingdom'),
(13842, '568696', 'United Kingdom'),
(13362, '571629', 'United Kingdom'),
(12731, '566816', 'France'),
(15701, '569224', 'United Kingdom'),
(12540, '566040', 'Spain'),
(13410, '576606', 'United Kingdom'),
(18069, '556495', 'United Kingdom'),
(18245, '539477', 'United Kingdom'),
(16201, '572721', 'United Kingdom'),
(15663, '564544', 'United Kingdom'),
(16734, '571681', 'United Kingdom'),
(13294, '555408', 'United Kingdom'),
(12444, '557621', 'Norway'),
(12375, '579281', 'Finland'),
(13937, '557948', 'United Kingdom'),
(12705, '549316', 'Germany'),
(15426, '574701', 'United Kingdom'),
(17085, '562708', 'United Kingdom'),
(13496, '538903', 'United Kingdom'),
(15752, '548796', 'United Kingdom'),
(14432, '569236', 'United Kingdom'),
(16474, '578036', 'United Kingdom'),
(16712, '548198', 'United Kingdom'),
(12878, '550327', 'United Kingdom'),
(18116, '539988', 'United Kingdom'),
(17459, '570482', 'United Kingdom'),
(17865, '567637', 'United Kingdom'),
(13271, '574063', 'United Kingdom'),
(12822, '566580', 'United Kingdom'),
(14023, '548716', 'United Kingdom'),
(12621, '564972', 'Germany'),
(16493, '545070', 'United Kingdom'),
(12668, '542713', 'Germany'),
(12490, '565854', 'France'),
(17769, '561028', 'United Kingdom'),
(12700, '580160', 'France'),
(13694, '540122', 'United Kingdom'),
(13875, '547842', 'United Kingdom'),
(15096, '573175', 'United Kingdom'),
(16360, '566420', 'United Kingdom'),
(17490, '568480', 'United Kingdom'),
(14226, '553149', 'United Kingdom'),
(12500, '557972', 'Germany'),
(17511, '538991', 'United Kingdom'),
(14440, '538014', 'United Kingdom'),
(16347, '574249', 'United Kingdom'),
(15568, '581074', 'United Kingdom'),
(13081, '560504', 'United Kingdom'),
(12627, '564079', 'Germany'),
(14739, '569566', 'United Kingdom'),
(15861, '576075', 'United Kingdom'),
(15114, '563362', 'United Kingdom'),
(16525, '553730', 'United Kingdom'),
(16710, '553385', 'United Kingdom'),
(17181, '571064', 'United Kingdom'),
(14644, '543923', 'United Kingdom'),
(13911, '571099', 'United Kingdom'),
(17686, '543555', 'United Kingdom'),
(17693, '561205', 'United Kingdom'),
(17144, '581451', 'United Kingdom'),
(18196, '565648', 'United Kingdom'),
(13644, '568400', 'United Kingdom'),
(13098, 'C579894', 'United Kingdom'),
(13418, '567066', 'United Kingdom'),
(17837, '568186', 'United Kingdom'),
(15985, '562721', 'United Kingdom'),
(16033, '574700', 'United Kingdom'),
(16422, '567308', 'United Kingdom'),
(14297, '570272', 'United Kingdom'),
(18055, '553942', 'United Kingdom'),
(17917, '572675', 'United Kingdom'),
(13319, '539593', 'United Kingdom'),
(16943, '552947', 'United Kingdom'),
(15491, '550350', 'United Kingdom'),
(17504, 'C552556', 'United Kingdom'),
(16940, '544790', 'United Kingdom'),
(16426, '577317', 'United Kingdom'),
(15061, '559139', 'United Kingdom'),
(14587, '540953', 'United Kingdom'),
(14823, '554991', 'United Kingdom'),
(14014, '568062', 'United Kingdom'),
(14344, '537332', 'United Kingdom'),
(16145, '540121', 'United Kingdom'),
(14367, '548178', 'United Kingdom'),
(13426, '548340', 'United Kingdom'),
(14217, '540753', 'United Kingdom'),
(17175, '560914', 'United Kingdom'),
(15415, '542611', 'United Kingdom'),
(17937, '547834', 'United Kingdom'),
(13850, '562101', 'United Kingdom'),
(16912, '544610', 'United Kingdom'),
(15854, '553202', 'United Kingdom'),
(17920, '580672', 'United Kingdom'),
(14704, '577495', 'United Kingdom'),
(13268, '567043', 'United Kingdom'),
(16298, '571732', 'United Kingdom'),
(14159, '577504', 'United Kingdom'),
(15805, '554702', 'United Kingdom'),
(15641, '547623', 'United Kingdom'),
(14675, '578255', 'United Kingdom'),
(17095, '577016', 'United Kingdom'),
(14194, '543251', 'United Kingdom'),
(17051, '554993', 'United Kingdom'),
(15498, '540114', 'United Kingdom'),
(15065, '558315', 'United Kingdom'),
(16365, '574075', 'United Kingdom'),
(15837, '569718', 'United Kingdom'),
(14140, '575007', 'United Kingdom'),
(14410, '560878', 'United Kingdom'),
(12607, 'C570867', 'USA'),
(16007, '569220', 'United Kingdom'),
(18102, '556723', 'United Kingdom'),
(16520, '555644', 'United Kingdom'),
(14535, '548987', 'United Kingdom'),
(13408, '580096', 'United Kingdom'),
(17059, '537135', 'United Kingdom'),
(16942, '551821', 'United Kingdom'),
(12454, '571255', 'Spain'),
(16744, '579142', 'United Kingdom'),
(14680, '538844', 'United Kingdom'),
(14640, '557782', 'United Kingdom'),
(16700, '567373', 'United Kingdom'),
(16447, '561465', 'United Kingdom'),
(17042, '559370', 'United Kingdom'),
(14583, '553657', 'United Kingdom'),
(14593, '577297', 'United Kingdom'),
(13213, '571189', 'United Kingdom'),
(14553, '577520', 'United Kingdom'),
(16464, '560723', 'United Kingdom'),
(15424, '548323', 'United Kingdom'),
(13137, '573347', 'United Kingdom'),
(16311, '572218', 'United Kingdom'),
(17758, '548715', 'United Kingdom'),
(13637, '555549', 'United Kingdom'),
(14180, '550492', 'United Kingdom'),
(14305, '561502', 'United Kingdom'),
(13928, '575135', 'United Kingdom'),
(15240, '555195', 'United Kingdom'),
(14085, '539920', 'United Kingdom'),
(15021, '580025', 'United Kingdom'),
(16188, '572848', 'United Kingdom'),
(14636, '546686', 'United Kingdom'),
(17187, '551271', 'United Kingdom'),
(17107, '545701', 'United Kingdom'),
(16684, '569570', 'United Kingdom'),
(17169, '570887', 'United Kingdom'),
(16814, '569859', 'United Kingdom'),
(14482, '575368', 'United Kingdom'),
(14178, '560555', 'United Kingdom'),
(16722, '571926', 'United Kingdom'),
(15048, '563239', 'United Kingdom'),
(12474, '565261', 'Germany'),
(17068, '551420', 'United Kingdom'),
(15518, '558754', 'United Kingdom'),
(17897, '557397', 'United Kingdom'),
(12446, '571035', 'RSA'),
(17629, '548701', 'United Kingdom'),
(15000, '572283', 'United Kingdom'),
(14796, '559672', 'United Kingdom'),
(15532, '561885', 'United Kingdom'),
(16859, '560366', 'United Kingdom'),
(13614, '576592', 'United Kingdom'),
(15483, '546982', 'United Kingdom'),
(13435, '576604', 'United Kingdom'),
(16399, '550469', 'United Kingdom'),
(17799, '565152', 'United Kingdom'),
(17400, '539760', 'United Kingdom'),
(16440, '569488', 'United Kingdom'),
(14609, '544152', 'United Kingdom'),
(16243, '574676', 'United Kingdom'),
(14930, '546252', 'Channel Islands'),
(15757, '552121', 'United Kingdom'),
(12613, '571065', 'Germany'),
(14591, '578519', 'United Kingdom'),
(14646, '541206', 'Netherlands'),
(16247, '557765', 'United Kingdom'),
(14525, '563094', 'United Kingdom'),
(12931, '563074', 'United Kingdom'),
(15482, '572348', 'United Kingdom'),
(14505, '564061', 'United Kingdom'),
(16892, '578508', 'United Kingdom'),
(12471, '576909', 'Germany'),
(12921, '567145', 'United Kingdom'),
(14572, '546778', 'United Kingdom'),
(13113, '550362', 'United Kingdom'),
(13075, '562042', 'United Kingdom'),
(17725, '564860', 'United Kingdom'),
(14426, '542627', 'United Kingdom'),
(12885, '562607', 'United Kingdom'),
(15572, '548952', 'United Kingdom'),
(16187, '554035', 'United Kingdom'),
(12654, '574071', 'Germany'),
(16015, '575952', 'United Kingdom'),
(14415, '543474', 'United Kingdom'),
(12867, '565434', 'United Kingdom'),
(15907, '580884', 'United Kingdom'),
(12407, '572133', 'Belgium'),
(16750, '562924', 'United Kingdom'),
(15351, '567675', 'United Kingdom'),
(14961, '550968', 'United Kingdom'),
(13334, '543300', 'United Kingdom'),
(15123, '553527', 'United Kingdom'),
(13244, '565994', 'United Kingdom'),
(16504, '576326', 'United Kingdom'),
(18065, '544903', 'United Kingdom'),
(16626, '560536', 'United Kingdom'),
(16011, '556103', 'United Kingdom'),
(14257, '542000', 'United Kingdom'),
(14256, '547665', 'United Kingdom'),
(13787, '568154', 'United Kingdom'),
(18143, '560807', 'United Kingdom'),
(14446, '567462', 'United Kingdom'),
(15159, '561236', 'United Kingdom'),
(15069, '556579', 'United Kingdom'),
(17133, '566575', 'United Kingdom'),
(17870, '568795', 'United Kingdom'),
(16706, '563580', 'United Kingdom'),
(13735, '550622', 'United Kingdom'),
(14667, '577331', 'United Kingdom'),
(12948, '570682', 'United Kingdom'),
(15721, '579124', 'United Kingdom'),
(15708, '537051', 'United Kingdom'),
(13458, '549833', 'United Kingdom'),
(16409, '542241', 'United Kingdom'),
(15297, '575660', 'United Kingdom'),
(17949, '561633', 'United Kingdom'),
(16813, '560233', 'United Kingdom'),
(17728, '580735', 'United Kingdom'),
(13198, '538523', 'United Kingdom'),
(13767, '567346', 'United Kingdom'),
(16987, '557792', 'United Kingdom'),
(14211, '565405', 'United Kingdom'),
(15443, '581237', 'United Kingdom'),
(12381, '563100', 'Norway'),
(14502, '574722', 'United Kingdom'),
(13394, '543054', 'United Kingdom'),
(18092, '573778', 'United Kingdom'),
(17218, '576014', 'United Kingdom'),
(13784, '558062', 'United Kingdom'),
(12872, '541268', 'United Kingdom'),
(13952, '550193', 'United Kingdom'),
(17412, '539308', 'United Kingdom'),
(13557, '545635', 'United Kingdom'),
(14745, '560872', 'United Kingdom'),
(17372, '538852', 'United Kingdom'),
(18022, '574481', 'United Kingdom'),
(15514, '538313', 'United Kingdom'),
(14765, '575730', 'United Kingdom'),
(13477, '544556', 'United Kingdom'),
(16701, '562053', 'United Kingdom'),
(17827, '580523', 'United Kingdom'),
(15545, '537036', 'United Kingdom'),
(16806, '564745', 'United Kingdom'),
(16164, '578056', 'United Kingdom'),
(13069, '581475', 'United Kingdom'),
(16367, '538419', 'United Kingdom'),
(15769, 'C569743', 'United Kingdom'),
(17512, '543734', 'United Kingdom'),
(15866, '564843', 'United Kingdom'),
(14795, '558094', 'United Kingdom'),
(17757, '547689', 'United Kingdom'),
(17444, '559557', 'Canada'),
(15281, '540672', 'United Kingdom'),
(15044, '577519', 'United Kingdom'),
(13813, '573430', 'Germany'),
(16401, 'C551521', 'United Kingdom'),
(15416, '569728', 'United Kingdom'),
(17014, '569462', 'United Kingdom'),
(12488, '568137', 'France'),
(17338, '538626', 'United Kingdom'),
(16466, '574655', 'United Kingdom'),
(13102, '540826', 'United Kingdom'),
(13662, '552828', 'United Kingdom'),
(13880, '550289', 'United Kingdom'),
(17131, '568165', 'United Kingdom'),
(12726, '575880', 'France'),
(14498, '555701', 'United Kingdom'),
(17566, '580137', 'United Kingdom'),
(16657, '576689', 'United Kingdom'),
(15845, '574345', 'United Kingdom'),
(15312, '539580', 'United Kingdom'),
(14030, '577794', 'United Kingdom'),
(12433, '573035', 'Norway'),
(16735, '565244', 'United Kingdom'),
(15883, '574725', 'United Kingdom'),
(15186, '558056', 'United Kingdom'),
(14598, '572867', 'United Kingdom'),
(16372, '574683', 'United Kingdom'),
(17368, '557063', 'United Kingdom'),
(13798, 'C550475', 'United Kingdom'),
(15197, '579273', 'United Kingdom'),
(17659, '562217', 'United Kingdom'),
(17434, '579832', 'United Kingdom'),
(14395, '551527', 'United Kingdom'),
(17802, '556494', 'United Kingdom'),
(16049, '573300', 'United Kingdom'),
(16029, '570097', 'United Kingdom'),
(17243, '567816', 'United Kingdom'),
(15853, '571743', 'United Kingdom'),
(12451, '577157', 'Switzerland'),
(14762, '547093', 'United Kingdom'),
(17797, '556330', 'United Kingdom'),
(17114, '540512', 'United Kingdom'),
(14456, '561894', 'United Kingdom'),
(12472, '542215', 'Germany'),
(15814, '571936', 'United Kingdom'),
(14465, '543593', 'United Kingdom'),
(13476, '545543', 'United Kingdom'),
(14156, '544074', 'EIRE'),
(16210, '574044', 'United Kingdom'),
(13475, '547413', 'United Kingdom'),
(16869, '557221', 'United Kingdom'),
(15024, '575842', 'United Kingdom'),
(14223, '566039', 'United Kingdom'),
(13871, '572719', 'United Kingdom'),
(14577, '538378', 'United Kingdom'),
(15974, '561698', 'United Kingdom');


-- Insert Values into Tables
-- Anirudh Penmatcha

-- Stock Table
INSERT INTO Stock (StockCode, Description, UnitPrice) VALUES
('22794', 'SWEETHEART WIRE MAGAZINE RACK', 7.95),
('21731', 'RED TOADSTOOL LED NIGHT LIGHT', 1.65),
('22357', 'KINGS CHOICE BISCUIT TIN', 4.25),
('22992', 'REVOLVER WOODEN RULER ', 1.95),
('C2', 'CARRIAGE', 50.0),
('22722', 'SET OF 6 SPICE TINS PANTRY DESIGN', 3.95),
('21807', 'WHITE CHRISTMAS STAR DECORATION', 0.42),
('22556', 'PLASTERS IN TIN CIRCUS PARADE ', 1.65),
('22667', 'RECIPE BOX RETROSPOT ', 2.95),
('21745', 'GAOLERS KEYS DECORATIVE GARDEN ', 3.75),
('21014', 'SWISS CHALET TREE DECORATION ', 0.29),
('23553', 'LANDMARK FRAME CAMDEN TOWN ', 12.5),
('23169', 'CLASSIC GLASS COOKIE JAR', 4.15),
('84576', 'BLUE CAT BISCUIT BARREL PINK HEART', 1.95),
('22501', 'PICNIC BASKET WICKER LARGE', 9.95),
('22364', 'GLASS JAR DIGESTIVE BISCUITS', 2.95),
('23255', 'CHILDRENS CUTLERY CIRCUS PARADE', 4.15),
('21754', 'HOME BUILDING BLOCK WORD', 6.25),
('22456', 'NATURAL SLATE CHALKBOARD LARGE ', 4.95),
('22099', 'CARAVAN SQUARE TISSUE BOX', 0.39),
('23402', 'HOME SWEET HOME 3 PEG HANGER ', 3.75),
('22417', 'PACK OF 60 SPACEBOY CAKE CASES', 0.55),
('23209', 'LUNCH BAG DOILEY PATTERN ', 1.65),
('20752', 'BLUE POLKADOT WASHING UP GLOVES', 2.1),
('22487', 'WHITE WOOD GARDEN PLANT LADDER', 9.95),
('22260', 'FELT EGG COSY BLUE RABBIT ', 0.85),
('22865', 'HAND WARMER OWL DESIGN', 2.1),
('23242', 'TREASURE TIN BUFFALO BILL ', 2.08),
('21166', 'COOK WITH WINE METAL SIGN ', 1.85),
('79030D', 'TUMBLER BAROQUE', 0.39),
('23046', 'PAPER LANTERN 9 POINT DELUXE STAR', 6.65),
('23112', 'PARISIENNE CURIO CABINET', 7.5),
('21086', 'SET/6 RED SPOTTY PAPER CUPS', 0.65),
('85032C', 'CURIOUS IMAGES GIFT WRAP SET', 0.65),
('21878', 'PACK OF 6 SANDCASTLE FLAGS ASSORTED', 0.85),
('85015', 'SET OF 12  VINTAGE POSTCARD SET', 0.65),
('21518', 'BANK ACCOUNT  GREETING  CARD ', 0.42),
('21080', 'SET/20 RED RETROSPOT PAPER NAPKINS ', 0.85),
('22423', 'REGENCY CAKESTAND 3 TIER', 12.75),
('22661', 'CHARLOTTE BAG DOLLY GIRL DESIGN', 0.85),
('23355', 'HOT WATER BOTTLE KEEP CALM', 4.95),
('84978', 'HANGING HEART JAR T-LIGHT HOLDER', 1.06),
('23220', 'REINDEER HEART DECORATION GOLD', 0.83),
('20754', 'RETROSPOT RED WASHING UP GLOVES', 2.1),
('48187', 'DOORMAT NEW ENGLAND', 8.25),
('20974', '12 PENCILS SMALL TUBE SKULL', 0.65),
('22199', 'FRYING PAN RED RETROSPOT', 4.25),
('23114', 'VINTAGE LEAF CHOPPING BOARD  ', 4.95),
('22621', 'TRADITIONAL KNITTING NANCY', 1.45),
('22326', 'ROUND SNACK BOXES SET OF4 WOODLAND ', 2.95),
('21530', 'DAIRY MAID TOASTRACK', 0.79),
('23031', 'DRAWER KNOB CRACKLE GLAZE PINK', 1.65),
('84077', 'WORLD WAR 2 GLIDERS ASSTD DESIGNS', 0.29),
('22469', 'HEART OF WICKER SMALL', 1.63),
('23321', 'SMALL WHITE HEART OF WICKER', 1.65),
('21430', 'SET/3 RED GINGHAM ROSE STORAGE BOX', 3.75),
('22659', 'LUNCH BOX I LOVE LONDON', 1.65),
('23196', 'VINTAGE LEAF MAGNETIC NOTEPAD', 1.45),
('23245', 'SET OF 3 REGENCY CAKE TINS', 4.95),
('23173', 'REGENCY TEAPOT ROSES ', 9.95),
('22400', 'MAGNETS PACK OF 4 HOME SWEET HOME', 0.39),
('22147', 'FELTCRAFT BUTTERFLY HEARTS', 1.45),
('22834', 'HAND WARMER BABUSHKA DESIGN', 0.85),
('21877', 'HOME SWEET HOME MUG', 1.25),
('23231', 'WRAP  VINTAGE DOILY ', 0.42),
('20723', 'STRAWBERRY CHARLOTTE BAG', 0.85),
('23469', 'CARD HOLDER LOVE BIRD SMALL', 4.15),
('21063', 'PARTY INVITES JAZZ HEARTS', 0.85),
('21868', 'POTTING SHED TEA MUG', 1.25),
('21213', 'PACK OF 72 SKULL CAKE CASES', 0.55),
('22721', 'SET OF 3 CAKE TINS SKETCHBOOK', 4.95),
('84536A', 'ENGLISH ROSE NOTEBOOK A7 SIZE', 0.42),
('22972', 'CHILDREN''S SPACEBOY MUG', 1.65),
('71459', 'HANGING JAM JAR T-LIGHT HOLDER', 0.85),
('23099', 'FRENCH CARRIAGE LANTERN', 6.65),
('84879', 'ASSORTED COLOUR BIRD ORNAMENT', 1.69),
('20702', 'PINK PADDED MOBILE', 4.25),
('22269', 'EGG CUP NATURAL CHICKEN', 1.25),
('21564', 'PINK  HEART SHAPE LOVE BUCKET ', 2.95),
('23569', 'TRADTIONAL ALPHABET STAMP SET', 4.95),
('22918', 'HERB MARKER PARSLEY', 0.65),
('21930', 'JUMBO STORAGE BAG SKULLS', 2.08),
('22925', 'BLUE GIANT GARDEN THERMOMETER', 5.95),
('21136', 'PAINTED METAL PEARS ASSORTED', 1.69),
('22091', 'EMPIRE TISSUE BOX', 0.39),
('84947', 'ANTIQUE SILVER TEA GLASS ENGRAVED', 1.25),
('23103', 'JINGLE BELL HEART DECORATION', 1.65),
('23405', 'HOME SWEET HOME 2 DRAWER CABINET', 4.95),
('20685', 'DOORMAT RED RETROSPOT', 7.08),
('21820', 'GLITTER HEART GARLAND WITH BELLS ', 3.75),
('21922', 'UNION STRIPE WITH FRINGE  HAMMOCK', 7.95),
('20992', 'JAZZ HEARTS PURSE NOTEBOOK', 0.85),
('21484', 'CHICK GREY HOT WATER BOTTLE', 4.25),
('22681', 'FRENCH BLUE METAL DOOR SIGN 6', 1.25),
('21098', 'CHRISTMAS TOILET ROLL', 1.25),
('23543', 'WALL ART KEEP CALM ', 8.25),
('21581', 'SKULLS  DESIGN  COTTON TOTE BAG', 2.25),
('22752', 'SET 7 BABUSHKA NESTING BOXES', 8.5),
('21682', 'LARGE MEDINA STAMPED METAL BOWL ', 4.95),
('POST', 'POSTAGE', 40.0),
('84915', 'HAND TOWEL PINK FLOWER AND DAISY', 5.95),
('20886', 'BOX OF 9 PEBBLE CANDLES', 1.95),
('22969', 'HOMEMADE JAM SCENTED CANDLES', 1.45),
('22981', 'PANTRY APPLE CORER', 1.45),
('23050', 'RECYCLED ACAPULCO MAT GREEN', 8.25),
('22072', 'RED RETROSPOT TEA CUP AND SAUCER ', 1.25),
('23397', 'FOOT STOOL HOME SWEET HOME ', 9.95),
('22371', 'AIRLINE BAG VINTAGE TOKYO 78', 4.25),
('84970S', 'HANGING HEART ZINC T-LIGHT HOLDER', 0.85),
('84596B', 'SMALL DOLLY MIX DESIGN ORANGE BOWL', 0.42),
('85032A', 'ROMANTIC IMAGES GIFT WRAP SET', 0.65),
('23338', 'EGG FRYING PAN RED ', 2.08),
('22993', 'SET OF 4 PANTRY JELLY MOULDS', 1.25),
('85114A', 'BLACK ENCHANTED FOREST PLACEMAT', 1.65),
('22938', 'CUPCAKE LACE PAPER SET 6', 1.95),
('22867', 'HAND WARMER BIRD DESIGN', 2.1),
('23423', 'PANTRY 3 HOOK ROLLING PIN HANGER', 3.75),
('22123', 'PING MICROWAVE APRON', 1.95),
('22838', '3 TIER CAKE TIN RED AND CREAM', 14.95),
('22139', 'RETROSPOT TEA SET CERAMIC 11 PC ', 4.95),
('23320', 'GIANT 50''S CHRISTMAS CRACKER', 2.89),
('84988', 'SET OF 72 PINK HEART PAPER DOILIES', 1.45),
('22059', 'CERAMIC STRAWBERRY DESIGN MUG', 1.49),
('22951', '60 CAKE CASES DOLLY GIRL DESIGN', 1.25),
('22922', 'FRIDGE MAGNETS US DINER ASSORTED', 0.85),
('22807', 'SET OF 6 T-LIGHTS TOADSTOOLS', 2.95),
('84817', 'DANISH ROSE DECORATIVE PLATE', 0.42),
('35241', 'ENAMEL BLUE RIM BISCUIT BIN', 4.95),
('22633', 'HAND WARMER UNION JACK', 2.1),
('23301', 'GARDENERS KNEELING PAD KEEP CALM ', 1.65),
('20725', 'LUNCH BAG RED RETROSPOT', 1.65),
('23250', 'VINTAGE RED TRIM ENAMEL BOWL ', 1.25),
('22505', 'MEMO BOARD COTTAGE DESIGN', 4.95),
('23167', 'SMALL CERAMIC TOP STORAGE JAR ', 0.83),
('85099B', 'JUMBO BAG RED RETROSPOT', 2.08),
('22310', 'IVORY KNITTED MUG COSY ', 1.45),
('72741', 'GRAND CHOCOLATECANDLE', 1.45),
('23424', 'GINGHAM RECIPE BOOK BOX', 4.95),
('23005', 'TRAVEL CARD WALLET I LOVE LONDON', 0.42),
('22743', 'MAKE YOUR OWN FLOWERPOWER CARD KIT', 2.95),
('15056P', 'EDWARDIAN PARASOL PINK', 5.95),
('22991', 'GIRAFFE WOODEN RULER', 1.95),
('22737', 'RIBBON REEL CHRISTMAS PRESENT ', 1.65),
('21240', 'BLUE POLKADOT CUP', 0.85),
('22534', 'MAGIC DRAWING SLATE SPACEBOY ', 0.42),
('21916', 'SET 12 RETRO WHITE CHALK STICKS', 0.42),
('23174', 'REGENCY SUGAR BOWL GREEN', 4.15),
('23356', 'LOVE HOT WATER BOTTLE', 5.95),
('22931', 'BAKING MOULD HEART WHITE CHOCOLATE', 2.55),
('21982', 'PACK OF 12 SUKI TISSUES ', 0.39),
('22796', 'PHOTO FRAME 3 CLASSIC HANGING', 9.95),
('22624', 'IVORY KITCHEN SCALES', 8.5),
('21258', 'VICTORIAN SEWING BOX LARGE', 12.75),
('21172', 'PARTY METAL SIGN ', 1.45),
('22470', 'HEART OF WICKER LARGE', 2.95),
('23012', 'GLASS APOTHECARY BOTTLE PERFUME', 3.95),
('22679', 'FRENCH BLUE METAL DOOR SIGN 4', 1.25),
('22513', 'DOORSTOP FOOTBALL DESIGN', 3.75),
('22920', 'HERB MARKER BASIL', 0.65),
('22088', 'PAPER BUNTING COLOURED LACE', 2.55),
('23511', 'EMBROIDERED RIBBON REEL EMILY ', 2.08),
('22596', 'CHRISTMAS STAR WISH LIST CHALKBOARD', 1.25),
('20726', 'LUNCH BAG WOODLAND', 1.65),
('21790', 'VINTAGE SNAP CARDS', 1.63),
('22744', 'MAKE YOUR OWN MONSOON CARD KIT', 2.95),
('22711', 'WRAP CIRCUS PARADE', 0.42),
('84347', 'ROTATING SILVER ANGELS T-LIGHT HLDR', 2.55),
('21733', 'RED HANGING HEART T-LIGHT HOLDER', 2.55),
('47566', 'PARTY BUNTING', 4.95),
('84945', 'MULTI COLOUR SILVER T-LIGHT HOLDER', 0.85),
('23146', 'TRIPLE HOOK ANTIQUE IVORY ROSE', 3.29),
('20727', 'LUNCH BAG  BLACK SKULL.', 1.65),
('21500', 'PINK POLKADOT WRAP ', 0.42),
('21124', 'SET/10 BLUE POLKADOT PARTY CANDLES', 1.25),
('23204', 'CHARLOTTE BAG APPLES DESIGN', 0.85),
('21212', 'PACK OF 72 RETROSPOT CAKE CASES', 0.55),
('84971S', 'SMALL HEART FLOWERS HOOK ', 0.85),
('21370', 'MIRRORED WALL ART FOXY', 12.46),
('20704', 'MR ROBOT SOFT TOY', 1.95),
('22029', 'SPACEBOY BIRTHDAY CARD', 0.42),
('21428', 'SET3 BOOK BOX GREEN GINGHAM FLOWER ', 4.25),
('82581', 'TOILET METAL SIGN', 0.55),
('22622', 'BOX OF VINTAGE ALPHABET BLOCKS', 8.5),
('21621', 'VINTAGE UNION JACK BUNTING', 8.5),
('21915', 'RED  HARMONICA IN BOX ', 1.25),
('22210', 'WOOD STAMP SET BEST WISHES', 0.83),
('22493', 'PAINT YOUR OWN CANVAS SET', 1.65),
('22219', 'LOVEBIRD HANGING DECORATION WHITE ', 0.85),
('23330', 'DECORATIVE WICKER HEART MEDIUM', 1.25),
('22533', 'MAGIC DRAWING SLATE BAKE A CAKE ', 0.42),
('22411', 'JUMBO SHOPPER VINTAGE RED PAISLEY', 2.08),
('40001', 'WHITE BAMBOO RIBS LAMPSHADE', 0.85),
('21400', 'RED PUDDING SPOON', 0.12),
('22614', 'PACK OF 12 SPACEBOY TISSUES', 0.39),
('22507', 'MEMO BOARD RETROSPOT  DESIGN', 4.95),
('21843', 'RED RETROSPOT CAKE STAND', 10.95),
('84380', 'SET OF 3 BUTTERFLY COOKIE CUTTERS', 1.25),
('23126', 'FELTCRAFT GIRL AMELIE KIT', 4.95),
('21901', 'KEY FOB , BACK DOOR ', 0.65),
('22429', 'ENAMEL MEASURING JUG CREAM', 4.25),
('22697', 'GREEN REGENCY TEACUP AND SAUCER', 2.95),
('16169E', 'WRAP 50''S  CHRISTMAS', 0.42),
('23343', 'JUMBO BAG VINTAGE CHRISTMAS ', 2.08),
('22431', 'WATERING CAN BLUE ELEPHANT', 1.95),
('22780', 'LIGHT GARLAND BUTTERFILES PINK', 4.25),
('22050', 'PINK PAISLEY ROSE GIFT WRAP', 0.42),
('23412', 'HEART MIRROR ANTIQUE WHITE', 7.5),
('21871', 'SAVE THE PLANET MUG', 1.25),
('22171', '3 HOOK PHOTO SHELF ANTIQUE WHITE', 5.88),
('84974', 'S/2 ZINC HEART DESIGN PLANTERS', 9.95),
('22776', 'SWEETHEART CAKESTAND 3 TIER', 9.95),
('22726', 'ALARM CLOCK BAKELIKE GREEN', 3.75),
('20878', 'SET/9 CHRISTMAS T-LIGHTS SCENTED ', 1.25),
('84970L', 'SINGLE HEART ZINC T-LIGHT HOLDER', 0.95),
('23055', 'IVORY CHANDELIER T-LIGHT HOLDER', 5.39),
('84580', 'MOUSE TOY WITH PINK T-SHIRT', 3.75),
('23206', 'LUNCH BAG APPLE DESIGN', 1.65),
('84997A', 'GREEN 3 PIECE POLKADOT CUTLERY SET', 3.75),
('22522', 'CHILDS GARDEN FORK BLUE ', 0.85),
('23118', 'PARISIENNE JEWELLERY DRAWER ', 7.5),
('22662', 'LUNCH BAG DOLLY GIRL DESIGN', 1.65),
('22877', 'NUMBER TILE COTTAGE GARDEN 9', 1.95),
('23280', 'FOLDING BUTTERFLY MIRROR HOT PINK ', 0.83),
('37489A', 'YELLOW/PINK FLOWER DESIGN BIG MUG', 0.39),
('22912', 'YELLOW COAT RACK PARIS FASHION', 4.95),
('23129', 'HEART SHAPED HOLLY WREATH', 4.15),
('20668', 'DISCO BALL CHRISTMAS DECORATION', 0.12),
('21894', 'POTTING SHED SEED ENVELOPES', 1.25),
('22339', 'CHRISTMAS TREE PAINTED ZINC ', 0.19),
('22749', 'FELTCRAFT PRINCESS CHARLOTTE DOLL', 3.75),
('22384', 'LUNCH BAG PINK POLKADOT', 1.65),
('21125', 'SET 6 FOOTBALL CELEBRATION CANDLES', 1.25),
('22899', 'CHILDREN''S APRON DOLLY GIRL ', 2.1),
('84313C', 'ORANGE TV TRAY TABLE ', 1.95),
('23350', 'ROLL WRAP VINTAGE SPOT ', 1.25),
('85049E', 'SCANDINAVIAN REDS RIBBONS', 1.25),
('23233', 'WRAP POPPIES  DESIGN', 0.42),
('23152', 'IVORY SWEETHEART WIRE LETTER RACK ', 3.75),
('21539', 'RED RETROSPOT BUTTER DISH', 4.95),
('23029', 'DRAWER KNOB CRACKLE GLAZE GREEN', 1.65),
('82483', 'WOOD 2 DRAWER CABINET WHITE FINISH', 6.95),
('23007', ' SPACEBOY BABY GIFT SET', 16.95),
('23084', 'RABBIT NIGHT LIGHT', 2.08),
('21533', 'RETROSPOT LARGE MILK JUG', 4.95),
('22158', '3 HEARTS HANGING DECORATION RUSTIC', 2.95),
('22588', 'CARD HOLDER GINGHAM HEART', 2.89),
('22383', 'LUNCH BAG SUKI DESIGN ', 1.65),
('22673', 'FRENCH GARDEN SIGN BLUE METAL', 1.25),
('21844', 'RED RETROSPOT MUG', 2.55),
('21385', 'IVORY HANGING DECORATION  HEART', 0.85),
('22481', 'BLACK TEA TOWEL CLASSIC DESIGN', 1.25),
('22809', 'SET OF 6 T-LIGHTS SANTA', 2.95),
('21588', 'RETROSPOT GIANT TUBE MATCHES', 2.55),
('21828', 'EIGHT PIECE SNAKE  SET', 1.25),
('22382', 'LUNCH BAG SPACEBOY DESIGN ', 1.65),
('22613', 'PACK OF 20 SPACEBOY NAPKINS', 0.85),
('21936', 'RED RETROSPOT PICNIC BAG', 2.95),
('21721', 'CANDY SHOP  STICKER SHEET', 0.85),
('22623', 'BOX OF VINTAGE JIGSAW BLOCKS ', 5.95),
('21194', 'PINK  HONEYCOMB PAPER FAN', 0.65),
('21243', 'PINK  POLKADOT PLATE ', 1.69),
('22119', 'PEACE WOODEN BLOCK LETTERS', 6.95),
('23307', 'SET OF 60 PANTRY DESIGN CAKE CASES ', 0.55),
('21990', 'MODERN FLORAL STATIONERY SET', 1.25),
('22243', '5 HOOK HANGER RED MAGIC TOADSTOOL', 1.65),
('22745', 'POPPY''S PLAYHOUSE BEDROOM ', 2.1),
('85231G', 'ORANGE SCENTED SET/9 T-LIGHTS', 0.85),
('22977', 'DOLLY GIRL CHILDRENS EGG CUP', 1.25),
('23189', 'SET OF 12 FORK CANDLES', 2.89),
('21471', 'STRAWBERRY RAFFIA FOOD COVER', 3.75),
('23082', 'SET 6 PAPER TABLE LANTERN HEARTS ', 3.75),
('23328', 'SET 6 SCHOOL MILK BOTTLES IN CRATE', 3.75),
('22333', 'RETROSPOT PARTY BAG + STICKER SET', 1.45),
('18007', 'ESSENTIAL BALM 3.5g TIN IN ENVELOPE', 0.06),
('23266', 'SET OF 3 WOODEN STOCKING DECORATION', 1.25),
('22740', 'POLKADOT PEN', 0.85),
('22150', '3 STRIPEY MICE FELTCRAFT', 1.95),
('22089', 'PAPER BUNTING VINTAGE PAISLEY', 2.95),
('22555', 'PLASTERS IN TIN STRONGMAN', 1.65),
('20978', '36 PENCILS TUBE SKULLS', 1.25),
('22960', 'JAM MAKING SET WITH JARS', 3.75),
('21625', 'VINTAGE UNION JACK APRON', 6.95),
('21390', 'FILIGRIS HEART WITH BUTTERFLY', 1.25),
('23057', 'BEADED CHANDELIER T-LIGHT HOLDER', 1.0),
('47594A', 'CAROUSEL DESIGN WASHBAG', 1.95),
('23445', 'ICE CREAM BUBBLES', 0.83),
('22560', 'TRADITIONAL MODELLING CLAY', 1.25),
('21912', 'VINTAGE SNAKES & LADDERS', 3.75),
('47566B', 'TEA TIME PARTY BUNTING', 4.95),
('22090', 'PAPER BUNTING RETROSPOT', 2.95),
('23026', 'DRAWER KNOB VINTAGE GLASS STAR', 2.08),
('22718', 'CARD CAT AND TREE ', 0.42),
('23170', 'REGENCY TEA PLATE ROSES ', 1.65),
('22355', 'CHARLOTTE BAG SUKI DESIGN', 0.72),
('22905', 'CALENDAR IN SEASON DESIGN', 1.25),
('23087', 'ZINC  HEART T-LIGHT HOLDER', 1.25),
('48184', 'DOORMAT ENGLISH ROSE ', 8.25),
('22301', 'COFFEE MUG CAT + BIRD DESIGN', 2.55),
('21989', 'PACK OF 20 SKULL PAPER NAPKINS', 0.85),
('23120', 'PACK OF 6 SMALL FRUIT STRAWS', 0.42),
('21165', 'BEWARE OF THE CAT METAL SIGN ', 1.69),
('22367', 'CHILDRENS APRON SPACEBOY DESIGN', 1.95),
('85111', 'SILVER GLITTER FLOWER VOTIVE HOLDER', 0.29),
('23239', 'SET OF 4 KNICK KNACK TINS POPPIES', 4.15),
('22855', 'FINE WICKER HEART ', 1.25),
('22545', 'MINI JIGSAW BUNNIES', 0.19),
('22539', 'MINI JIGSAW DOLLY GIRL', 0.42),
('85049D', 'BRIGHT BLUES RIBBONS ', 1.25),
('21917', 'SET 12 KIDS  WHITE CHALK STICKS', 0.42),
('22452', 'MEASURING TAPE BABUSHKA PINK', 2.95),
('82582', 'AREA PATROLLED METAL SIGN', 2.1),
('21326', 'AGED GLASS SILVER T-LIGHT HOLDER', 0.65),
('23052', 'RECYCLED ACAPULCO MAT TURQUOISE', 8.25),
('20914', 'SET/5 RED RETROSPOT LID GLASS BOWLS', 2.55),
('20718', 'RED RETROSPOT SHOPPER BAG', 1.25),
('22854', 'CREAM SWEETHEART EGG HOLDER', 4.95),
('22338', 'STAR DECORATION PAINTED ZINC ', 0.19),
('22952', '60 CAKE CASES VINTAGE CHRISTMAS', 0.55),
('22666', 'RECIPE BOX PANTRY YELLOW DESIGN', 2.95),
('84595E', 'LARGE TORTILLA DESIGN RED BOWL', 1.65),
('22987', 'WRAP SUMMER ROSE DESIGN', 0.42),
('22185', 'SLATE TILE NATURAL HANGING', 1.65),
('23203', 'JUMBO BAG VINTAGE DOILY ', 2.08),
('23221', 'REINDEER HEART DECORATION SILVER', 1.63),
('22714', 'CARD BIRTHDAY COWBOY', 0.42),
('23130', 'MISTLETOE HEART WREATH GREEN', 4.15),
('20728', 'LUNCH BAG CARS BLUE', 1.65),
('22197', 'POPCORN HOLDER', 0.85),
('22725', 'ALARM CLOCK BAKELIKE CHOCOLATE', 3.75),
('20794', 'BLUE  TILE HOOK', 2.55),
('82600', 'NO SINGING METAL SIGN', 2.1),
('22362', 'GLASS JAR PEACOCK BATH SALTS', 2.95),
('84596F', 'SMALL MARSHMALLOWS PINK BOWL', 0.42),
('84247G', 'DECOUPAGE,GREETING CARD,', 0.42),
('22149', 'FELTCRAFT 6 FLOWER FRIENDS', 2.1),
('85123A', 'WHITE HANGING HEART T-LIGHT HOLDER', 2.95),
('48138', 'DOORMAT UNION FLAG', 7.95),
('22627', 'MINT KITCHEN SCALES', 8.5),
('23508', 'MINI PLAYING CARDS DOLLY GIRL ', 0.42),
('22772', 'PINK DRAWER KNOB ACRYLIC EDWARDIAN', 1.25),
('22720', 'SET OF 3 CAKE TINS PANTRY DESIGN ', 4.95),
('22074', '6 RIBBONS SHIMMERING PINKS ', 0.39),
('21563', 'RED HEART SHAPE LOVE BUCKET ', 2.95),
('22766', 'PHOTO FRAME CORNICE', 2.95),
('22083', 'PAPER CHAIN KIT RETROSPOT', 2.95),
('22699', 'ROSES REGENCY TEACUP AND SAUCER ', 2.55),
('85231B', 'CINAMMON SET OF 9 T-LIGHTS', 0.85),
('22203', 'MILK PAN RED RETROSPOT', 3.75),
('22645', 'CERAMIC HEART FAIRY CAKE MONEY BANK', 1.45),
('23197', 'SKETCHBOOK MAGNETIC SHOPPING LIST', 1.45),
('22439', '6 ROCKET BALLOONS ', 0.65),
('21644', 'ASSORTED TUTTI FRUTTI HEART BOX', 1.25),
('21786', 'POLKADOT RAIN HAT ', 0.42),
('84929', 'ASSTD FRUIT+FLOWERS FRIDGE MAGNETS', 0.19),
('47420', 'ASSORTED COLOUR SUCTION CUP HOOK', 0.19),
('82551', 'LAUNDRY 15C METAL SIGN', 1.45),
('23234', 'BISCUIT TIN VINTAGE CHRISTMAS', 2.89),
('22581', 'WOOD STOCKING CHRISTMAS SCANDISPOT', 0.29),
('21983', 'PACK OF 12 BLUE PAISLEY TISSUES ', 0.29),
('22413', 'METAL SIGN TAKE IT OR LEAVE IT ', 2.95),
('20675', 'BLUE POLKADOT BOWL', 1.25),
('23201', 'JUMBO BAG ALPHABET', 1.79),
('22916', 'HERB MARKER THYME', 0.65),
('84931A', 'PINK SCOTTIE DOG W FLOWER PATTERN', 2.55),
('48111', 'DOORMAT 3 SMILEY CATS', 7.95),
('23207', 'LUNCH BAG ALPHABET DESIGN', 1.65),
('22746', 'POPPY''S PLAYHOUSE LIVINGROOM ', 2.1),
('23344', 'JUMBO BAG 50''S CHRISTMAS ', 2.08),
('22198', 'LARGE POPCORN HOLDER ', 1.65),
('23163', 'REGENCY SUGAR TONGS', 2.08),
('23088', 'ZINC HEART FLOWER T-LIGHT HOLDER', 1.25),
('23298', 'SPOTTY BUNTING', 4.95),
('22086', 'PAPER CHAIN KIT 50''S CHRISTMAS ', 2.95),
('22896', 'PEG BAG APPLES DESIGN', 2.55),
('15036', 'ASSORTED COLOURS SILK FAN', 0.83),
('21975', 'PACK OF 60 DINOSAUR CAKE CASES', 0.55),
('22096', 'PINK PAISLEY SQUARE TISSUE BOX ', 0.39),
('20750', 'RED RETROSPOT MINI CASES', 6.35),
('21467', 'CHERRY CROCHET FOOD COVER', 3.75),
('23241', 'TREASURE TIN GYMKHANA DESIGN', 2.08),
('20733', 'GOLD MINI TAPE MEASURE ', 0.85),
('21257', 'VICTORIAN SEWING BOX MEDIUM', 7.95),
('22273', 'FELTCRAFT DOLL MOLLY', 2.95),
('21380', 'WOODEN HAPPY BIRTHDAY GARLAND', 2.95),
('22989', 'SET 2 PANTRY DESIGN TEA TOWELS', 3.25),
('85049A', 'TRADITIONAL CHRISTMAS RIBBONS', 1.25),
('22467', 'GUMBALL COAT RACK', 2.55),
('84029E', 'RED WOOLLY HOTTIE WHITE HEART.', 4.25),
('22082', 'RIBBON REEL STRIPES DESIGN ', 1.65),
('21329', 'DINOSAURS  WRITING SET ', 1.65),
('20755', 'BLUE PAISLEY POCKET BOOK', 0.85),
('82583', 'HOT BATHS METAL SIGN', 1.85),
('21498', 'RED RETROSPOT WRAP ', 0.42),
('21755', 'LOVE BUILDING BLOCK WORD', 5.95),
('22453', 'MEASURING TAPE BABUSHKA BLUE', 2.95),
('21174', 'POTTERING IN THE SHED METAL SIGN', 2.08),
('23158', 'SET OF 5 LUCKY CAT MAGNETS ', 2.08),
('20969', 'RED FLORAL FELTCRAFT SHOULDER BAG', 3.39),
('84358', 'FLOOR LAMP SHADE WOOD BASE', 9.95),
('21207', 'SKULL AND CROSSBONES  GARLAND ', 1.65),
('23477', 'WOODLAND LARGE BLUE FELT HEART', 1.25),
('16161U', 'WRAP SUKI AND FRIENDS', 0.42),
('22457', 'NATURAL SLATE HEART CHALKBOARD ', 2.95),
('47574A', 'ENGLISH ROSE SCENTED HANGING FLOWER', 4.25),
('21411', 'GINGHAM HEART  DOORSTOP RED', 4.25),
('22447', 'PIN CUSHION BABUSHKA BLUE', 3.35),
('23294', 'SET OF 6 SNACK LOAF BAKING CASES', 0.83),
('47599A', 'PINK PARTY BAGS', 2.1),
('22982', 'PANTRY PASTRY BRUSH', 1.25),
('21445', '12 PINK ROSE PEG PLACE SETTINGS', 1.25),
('21817', 'GLITTER CHRISTMAS TREE', 0.39),
('21137', 'BLACK RECORD COVER FRAME', 3.39),
('22499', 'WOODEN UNION JACK BUNTING', 5.95),
('84946', 'ANTIQUE SILVER TEA GLASS ETCHED', 1.25),
('79321', 'CHILLI LIGHTS', 5.75),
('85184C', 'SET 4 VALENTINE DECOUPAGE HEART BOX', 5.79),
('22577', 'WOODEN HEART CHRISTMAS SCANDINAVIAN', 0.29),
('21217', 'RED RETROSPOT ROUND CAKE TINS', 9.95),
('23582', 'VINTAGE DOILY JUMBO BAG RED ', 2.08),
('21905', 'MORE BUTTER METAL SIGN ', 2.1),
('23096', 'PETIT TRAY CHIC', 1.65),
('72760B', 'VINTAGE CREAM 3 BASKET CAKE STAND', 9.95);

-- Queries to get some interesting information from the database
-- Anirudh Penmatcha

-- Get the Total Sales for Each Product
SELECT s.StockCode, s.Description, 
       SUM(i.Quantity * s.UnitPrice) AS TotalSales
FROM Stock s
JOIN Invoice i ON s.StockCode = i.StockCode
GROUP BY s.StockCode, s.Description
ORDER BY TotalSales DESC
LIMIT 10;

-- Find the Most Popular Products (Based on Quantity Sold)
SELECT s.StockCode, s.Description, 
       SUM(i.Quantity) AS TotalQuantitySold
FROM Stock s
JOIN Invoice i ON s.StockCode = i.StockCode
GROUP BY s.StockCode, s.Description
ORDER BY TotalQuantitySold DESC
LIMIT 10;

-- Get the Customers Purchase History
SELECT c.CustomerID, c.Country, i.InvoiceNo, i.StockCode, s.Description, i.Quantity, i.InvoiceDate
FROM Customers c
JOIN Invoice i ON c.InvoiceNo = i.InvoiceNo
JOIN Stock s ON i.StockCode = s.StockCode
WHERE c.CustomerID = 16806  -- Replace with a specific CustomerID
ORDER BY i.InvoiceDate DESC;

-- Find Customers Who Have Purchased a Specific Product
SELECT DISTINCT c.CustomerID, c.Country, c.InvoiceNo
FROM Customers c
JOIN Invoice i ON c.InvoiceNo = i.InvoiceNo
WHERE i.StockCode = '22992'  -- Replace with the desired StockCode
ORDER BY c.CustomerID;

-- Find the Products That Have Never Been Sold
SELECT s.StockCode, s.Description
FROM Stock s
LEFT JOIN Invoice i ON s.StockCode = i.StockCode
WHERE i.InvoiceNo IS NULL;


